published_at,title,text,url,source,close_ref,close_fwd,ret_24h,label
2026-09-10T17:05:28+00:00,Nasdaq Invests $100M in Kraken Parent Company: Report,"Nasdaq Invests $100M in Kraken Parent Company: Report
Bitcoin Magazine Nasdaq Invests $100M in Kraken Parent Company: Report Nasdaq Inc. is investing $100 million in crypto exchange Kraken’s parent company, Payward, according to reports. The deal — not yet announced by either party — will help build out structure for tokenized stocks, Bloomberg reported Thursday, citing people familiar with the matter. The deal values the crypto company at $21 billion, according to the report. It comes as Wall Street increasingly eyes up bitcoin and crypto-related infrastructure. Kraken has made deals this year and last with traditional finance firms and the S&P Dow Jones Indices in March made a deal to debut a new derivative contract on decentralized exchange Hyperliquid. Bloomberg’s report said that Kraken will distribute Nasdaq’s tokenized stocks on its own platform, giving customers the ability to own Nasdaq-listed stocks in a tokenized form. Wall Street has been eying up crypto companies and their infrastructure particularly because its interested in tokenizing assets like stocks. In January, the New York Stock Exchange said it was building a platform allowing traders to buy and sell tokenized versions of US-listed equities and exchange-traded funds and settle those trades on the blockchain, 24/7. Just last week, Payward, the parent company of crypto exchange Kraken, and fintech company SoFi Technologies announced a deal to route SoFi customers’ crypto orders through Kraken’s institutional trading platform and list SoFi’s stablecoin on the exchange. Under the agreement, SoFi will send its digital asset order flow to Kraken Prime, Kraken’s prime brokerage arm, which launched in 2025. Kraken — like other crypto exchanges — is pushing into the traditional finance world, allowing users to trade stocks, bonds and other assets. The company has sold its app as a “primary account for everything.” This post Nasdaq Invests $100M in Kraken Parent Company: Report first appeared on Bitcoin Magazine and is written by Mathew Di Salvo .",https://bitcoinmagazine.com/news/nasdaq-invests-in-kraken,BitcoinMagazine,76568.125,77270.46875,0.009172795468088059,HOLD
2026-09-10T20:23:59+00:00,Updated Crypto Clarity Act Starts Circulating Days Before Key Vote,"Updated Crypto Clarity Act Starts Circulating Days Before Key Vote
Bitcoin Magazine Updated Crypto Clarity Act Starts Circulating Days Before Key Vote A new draft of the long-awaited crypto Clarity Act has dropped with amendments. As first reported by Eleanor Terrett from Crypto in America and Punchbowl’s Brendan Pedersen , the updated bill contains changes including requiring non-decentralized DeFi protocols to register with the CFTC, and changes around how credit unions deal in crypto, according to reporters. The specifics include that a decentralized finance app fails the test of being such a protocol test if someone can control or materially alter its functionality, if it doesn’t run solely on pre-established transparent encoded rules, or if someone can restrict or censor its use. It also adds that a federal credit union may use a digital asset or distributed ledger system to perform, provide, or deliver any activity, function, product, or service it is otherwise authorized by law to perform. JUST IN: An updated version of the Clarity Act has released ahead of next week's floor vote ""Latest changes include new DeFi requirements and credit union fix"" — Punchbowl News Pass it pic.twitter.com/uYntehREqI — Bitcoin Magazine (@BitcoinMagazine) September 10, 2026 Lawmakers were hoping a crucial vote on the crypto market structure bill would go ahead in August before their five-week recess. It was delayed and the Senate will now vote on it on September 15. The bill is not bipartisan yet, according to the reporters. Senate Republicans started circulating the updated legislation on Thursday. The Clarity Act drafts a framework to formally divide oversight between regulators, distinguishing which digital assets are securities, commodities or stablecoins. Crypto industry executives have long called for such rules to be in place. Though passed by the House of Representatives last July, it has been stalled this year, mostly because the banking lobby clashed with crypto companies over paying customers stablecoin yield. A new draft tackling the",https://bitcoinmagazine.com/news/updated-clarity-act-starts-circulating,BitcoinMagazine,76568.125,77270.46875,0.009172795468088059,HOLD
2026-09-10T21:28:55+00:00,Trezor Reveals Another Data Breach After Scammers Target Marketing Platform,"Trezor Reveals Another Data Breach After Scammers Target Marketing Platform
Bitcoin Magazine Trezor Reveals Another Data Breach After Scammers Target Marketing Platform Trezor has warned that a data breach at the third-party marketing platform it uses for sending newsletters is leading criminals to target customers with phishing attacks. The top hardware wallet manufacturer said Wednesday that an unauthorized actor got access to Brevo’s system and sent emails to 347,000 Trezor customers. Brevo is a platform businesses use to send customer communications. Scammers managed to use Trezor’s domain name to send the email, making the phishing attempt all the more believable. The email contained a malicious link asking users to download an app and enter their wallet backup. Our third-party e-mail provider has been breached. Please be aware that the email named ‘Critical Security Alert: STM32 Entropy Vulnerability’ is not coming from us, and it’s a phishing attempt. Do not click on any link. We have taken down the domain, and we are investigating… — Trezor (@Trezor) September 9, 2026 The news comes after Trezor last month announced that data from 11,742 customers had been exposed after its third-party fulfillment partner, ShipMonk, was targeted. It then said last week that an additional 67,000 U.S. customers had their names, emails, phone numbers, shipping addresses and order numbers leaked in the breach. “We took down the domain at the DNS level within 20 minutes, preventing the link from working for anyone else and limiting access to 2,500 people who had clicked it before we took it down,” Trezor said on Wednesday. “These addresses might be potentially used for other phishing attacks in the future. No other Trezor system was touched,” Trezor added. “We have suspended the Brevo account to stop further email distribution.” Trezor reminded users that it never asks customers to ask for their wallet backups. Criminals have been targeting data this year, with scammers getting hold of customer information via crypto wallet Ledger’s payment processor Glo",https://bitcoinmagazine.com/news/trezor-reveals-another-data-breach,BitcoinMagazine,76568.125,77270.46875,0.009172795468088059,HOLD
2026-09-10T22:24:40+00:00,Ringleader of $245M Crypto Theft Pleads Guilty,"Ringleader of $245M Crypto Theft Pleads Guilty
Bitcoin Magazine Ringleader of $245M Crypto Theft Pleads Guilty The man behind one of the biggest bitcoin thefts in history this week pleaded guilty. Malone Lam, 22, a Miami resident from Singapore, on Tuesday admitted his role as ringleader of the international crime group which stole 4,100 bitcoins — worth over $230 million at the time — to fund a life of luxury. The U.S. Department of Justice said that from October 2023 and through at least May 2025, Lam and others hacked databases to steal crypto users’ information and con them into providing user logins and private keys. Bitcoin and other cryptocurrencies worth $245 million were taken in the theft. On one occasion, a co-defendant broke into a residence in New Mexico and stole a hardware wallet while Lam monitored the victim’s movements by hacking their iCloud account. “This defendant led an international network that preyed on victims through deception, invaded their privacy, and stole hundreds of millions of dollars in cryptocurrency,” U.S. Attorney Jeanine Ferris Pirro said in a statement. “If you build a cybercrime empire, we will find you, dismantle your operation, and hold you accountable,” Attorney Pirro added. The DOJ said: “The Racketeer Influenced and Corrupt Organizations Act conspiracy used social engineering and occasional home break-ins to obtain information that allowed the conspirators to drain their victims’ cryptocurrency wallets.” The crimes started after a group of online gamers became friends before working together to commit the cybercrimes, the indictment read. Lam and co-defendants laundered the stolen bitcoin and spent it on bottle service parties, private jet rentals, security guards, luxury handbags and watches, and properties in Los Angeles, the Hamptons, and Miami. The defendants would spend up to $500,000 a night on parties and give away designer handbags worth tens of thousands of dollars, Tuesday’s announcement read. Lam was arrested in 2024 at his rental home in Miami. This post ",https://bitcoinmagazine.com/news/ringleader-in-bitcoin-theft-guilty,BitcoinMagazine,76568.125,77270.46875,0.009172795468088059,HOLD
2026-09-11T10:53:55+00:00,Bitcoin buyers wary of July sub-$58K floor amid onchain data ‘anomaly’,"Bitcoin buyers wary of July sub-$58K floor amid onchain data ‘anomaly’
Bitcoin HODL waves data revealed an unusually muted reaction to Bitcoin’s drop below $58,000, raising questions over its status as a bear-market floor.",https://cointelegraph.com/markets/bitcoin-buyers-wary-of-july-sub-58k-floor-amid-onchain-data-anomaly?utm_source=rss_feed&utm_medium=rss&utm_campaign=rss_partner_inbound,Cointelegraph,77173.796875,76838.15625,-0.00434915267346045,HOLD
2026-09-11T12:33:38+00:00,Bitcoin ETF outflows accelerate as investors pull $449M in three days,"Bitcoin ETF outflows accelerate as investors pull $449M in three days
ARK 21Shares accounted for $164 million of Thursday’s Bitcoin ETF withdrawals, while Ether and Solana funds also recorded net outflows.",https://cointelegraph.com/markets/bitcoin-etfs-282m-biggest-outflow-july?utm_source=rss_feed&utm_medium=rss&utm_campaign=rss_partner_inbound,Cointelegraph,77173.796875,76838.15625,-0.00434915267346045,HOLD
2026-09-11T13:44:27+00:00,"Metaplanet cuts Series 10 stock pool by 41%, plans Hong Kong subsidiary","Metaplanet cuts Series 10 stock pool by 41%, plans Hong Kong subsidiary
Metaplanet will cut 131.3 million potential shares and form a $1 million Hong Kong subsidiary for trading in Bitcoin, equities and credit products.",https://cointelegraph.com/news/metaplanet-executive-stock-pool-hong-kong-subsidiary?utm_source=rss_feed&utm_medium=rss&utm_campaign=rss_partner_inbound,Cointelegraph,77173.796875,76838.15625,-0.00434915267346045,HOLD
2026-09-11T15:46:05+00:00,"Bitcoin Price Spikes, Shrugs off Hot US Inflation Data","Bitcoin Price Spikes, Shrugs off Hot US Inflation Data
Bitcoin Magazine Bitcoin Price Spikes, Shrugs off Hot US Inflation Data Bitcoin’s price rose on Friday — despite data revealing that U.S. inflation had risen. The biggest cryptocurrency by market cap was recently trading for close to $78,749 after jumping 2% over a 24-hour period. At one point on Friday morning in New York, bitcoin rose as high as $79,607. Bitcoin’s price spike came after news dropped that U.S. consumer prices accelerated in August, reinforcing ​expectations that the Federal Reserve will raise interest rates next week. The consumer price index, excluding food and energy, climbed 0.3% in August from a month earlier, which was higher than expected. Inflation in the U.S. has been difficult to tame due to the war with Iran, which has lifted oil prices, in turn raising the costs of food, gasoline and other goods. Higher inflation typically means the Federal Reserve will raise interest rates, which in turn could stop bitcoin’s price climbing higher. According to CME’s FedWatch tool, traders think there is a 85% chance interest rates will be higher by next week. The Federal Reserve will meet next week and reveal what it will do with borrowing costs. Bitcoin has typically performed well in a low interest rate environment because it means people can buy more of the cryptocurrency with increased liquidity. Federal Reserve Chairman Kevin Warsh, who took the helm in January, last month gave his first speech as head of the U.S. central bank and said he had “more work to do” to fight inflation. The U.S. is currently in the grips of an affordability crisis and rising oil prices are a hot topic ahead of the midterm elections. U.S. President Donald Trump has reassured voters that prices will get under control and repeatedly put pressure on the central bank to lower interest rates. Bitcoin in August had its biggest run in years following positive regulatory news and an announcement from the U.S. Treasury. Treasury Secretary Scott Bessent announced the department woul",https://bitcoinmagazine.com/markets/bitcoin-price-spikes-on-hot-inflation-data,BitcoinMagazine,77173.796875,76838.15625,-0.00434915267346045,HOLD
2026-09-11T16:03:37+00:00,Bitcoin spikes toward $80K as US CPI data delivers new 22-year high in bond yields,"Bitcoin spikes toward $80K as US CPI data delivers new 22-year high in bond yields
Bitcoin briefly rebounded past $79,000 and US stocks turned green as US CPI inflation data met expectations.",https://cointelegraph.com/markets/bitcoin-spikes-toward-80k-as-us-cpi-data-delivers-new-22-year-high-in-bond-yields?utm_source=rss_feed&utm_medium=rss&utm_campaign=rss_partner_inbound,Cointelegraph,77173.796875,76838.15625,-0.00434915267346045,HOLD
2026-09-11T17:28:32+00:00,Government Defeated as Lords Back UK Digital Assets Strategy,"Government Defeated as Lords Back UK Digital Assets Strategy
Bitcoin Magazine Government Defeated as Lords Back UK Digital Assets Strategy The UK government suffered a defeat in the House of Lords on Wednesday as peers backed an amendment requiring the Treasury to draw up a national strategy for regulating digital assets. The upper chamber approved the measure by 194 votes to 138, with Conservative and Liberal Democrat peers combining against a near-solid bloc of Labour votes. Baroness Neville-Rolfe, a Conservative former Treasury minister, moved the amendment to the Financial Services and Markets Bill. The new clause, titled “Digital assets strategy,” would require the Treasury to prepare, publish and consult on a strategy for regulating and developing digital assets and related digital financial market infrastructure in the UK. JUST IN: U.K. House of Lords passes amendment requiring the government to develop a national cryptocurrency strategy pic.twitter.com/77tsy5cRaO — Bitcoin Magazine (@BitcoinMagazine) September 11, 2026 The regulation of digital assets includes “cryptoassets, qualifying stablecoins, Central Bank Digital Currencies, tokenised securities and other digital and tokenised financial assets,” according to the draft. The UK is in the process of drafting a sweeping new crypto bill. The country’s Financial Conduct Authority finalised its regulatory framework for cryptoassets in June, with the regime due to take effect on 25 October 2027. The authorisation gateway for firms opened on 30 September and runs to 28 February 2027. Britain is trailing behind Brussels and Washington with digital asset regulation. The EU’s Markets in Crypto-Assets regulation has applied to service providers since 30 December 2024. And the U.S. under President Donald Trump signed the GENIUS Act into law in July 2025, establishing a federal framework for dollar-backed tokens. Broader market-structure legislation remains unfinished: the Clarity Act cleared the House in July 2025 by 294-134 but has been stuck in the Senate over DeFi, stablec",https://bitcoinmagazine.com/news/house-of-lords-backs-uk-crypto-bill,BitcoinMagazine,77173.796875,76838.15625,-0.00434915267346045,HOLD
2026-09-11T18:47:07+00:00,Italy’s Second Biggest Bank UniCredit Is Weighting up Crypto Custody: Report,"Italy’s Second Biggest Bank UniCredit Is Weighting up Crypto Custody: Report
Bitcoin Magazine Italy’s Second Biggest Bank UniCredit Is Weighting up Crypto Custody: Report Italy’s second largest bank is considering expanding into digital asset offerings, including custody, according to reports. According to a Friday Bloomberg report citing people familiar with the matter, Milan-based UniCredit is selecting a technology provider that would allow it to build the infrastructure needed to hold digital assets and facilitate their buying and selling. Bloomberg’s reporting added that tokenized investment products and fixed-income securities, the use of stablecoins and exposure to cryptocurrencies were all on the cards. JUST IN: Italy’s 2nd-largest bank UniCredit is considering to offer crypto asset custody — Bloomberg pic.twitter.com/NAZKJBdcES — Bitcoin Magazine (@BitcoinMagazine) September 11, 2026 The news comes as other banks in Europe expand crypto offerings. Spain moved first on retail, with BBVA rolling out bitcoin trading and custody to all customers via its app, using its own custody infrastructure rather than a third party; Santander’s Openbank followed with its own trading service. Cecabank — a Spanish custodian with over €400bn under management that acts as backbone for 100+ financial institutions — went live with crypto custody in June via a partnership with Bit2Me. And in Germany, Deutsche Bank is building custody with Bitpanda’s technology arm, while Taurus and DZ Bank got BaFin approval in January for its meinKrypto platform. New regulation in the European Union — Markets in Crypto-Assets Regulation (MiCA) — gives banks a legal definition, a supervisor, and a familiar set of obligations to launch crypto services. UniCredit is one 37 lenders across 15 European countries working together to create a company called Qivalis with the aim of issuing a euro-denominated stablecoin. Last year, the bank said it was offering professional clients a structured product tied to BlackRock’s iShares Bitcoin Trust exchange-traded fund, with full prote",https://bitcoinmagazine.com/news/unicredit-working-on-crypto-custody,BitcoinMagazine,77173.796875,76838.15625,-0.00434915267346045,HOLD
2026-09-11T19:46:24+00:00,Bitcoin Suisse to shift up to half of Swiss jobs abroad,"Bitcoin Suisse to shift up to half of Swiss jobs abroad
The Swiss crypto financial services firm plans to move back-office functions to lower-cost international hubs as it expands its global wealth and asset management business, according to Finews.",https://cointelegraph.com/news/bitcoin-suisse-to-shift-up-to-half-of-swiss-jobs-abroad?utm_source=rss_feed&utm_medium=rss&utm_campaign=rss_partner_inbound,Cointelegraph,77173.796875,76838.15625,-0.00434915267346045,HOLD
2026-09-11T21:13:48+00:00,Blockstream Tells Hackers To Return Remaining Bitcoin Stolen in Liquid Theft,"Blockstream Tells Hackers To Return Remaining Bitcoin Stolen in Liquid Theft
Bitcoin Magazine Blockstream Tells Hackers To Return Remaining Bitcoin Stolen in Liquid Theft Bitcoin infrastructure firm Blockstream has refused to negotiate further with hackers who last week stole 4,000 bitcoins from its Liquid network. Writing on X Friday, Blockstream said that the hackers still had time to return the funds before the company would work with law enforcement. White-hat hackers on Sunday withdrew about $320 million from the federation wallet that backs Liquid, a sidechain by Blockstream. After negotiating with Blockstream, they returned most of the funds but kept 598.5 coins worth over $46 million — demanding it as ransom. “Blockstream will not pay a ransom for the return of stolen funds,” the post read. “Taking assets without authorization and withholding their return is a crime, not responsible disclosure. It is not white-hat activity. It is theft.” To those responsible for the theft of bitcoin from the Liquid Network: Blockstream will not pay a ransom for the return of stolen funds. Taking assets without authorization and withholding their return is a crime, not responsible disclosure. It is not white-hat activity. It is… — Blockstream (@Blockstream) September 11, 2026 It added: “We will work with law enforcement, exchanges, service providers, forensic specialists, and other relevant parties to trace and recover the assets and identify those responsible.” “We will not pay for the return of stolen property. We will not abandon our users. The Bitcoin community will not stop pursuing the funds.” Liquid, or L-BTC, is a layer-2 created by Blockstream that allows users to fast move assets backed 1:1 with bitcoin. One of the assets, LBTC, is a token backed by bitcoin that allows for quick settlement — a bit like the Lightning Network. Hackers were able to get the funds by exploiting an inflation bug on the Liquid sidechain to create over 4,000 LBTC that did not exist before and cash them out for real, on-chain bitcoins. The hackers then had an exchang",https://bitcoinmagazine.com/news/blockstream-tells-demands-bitcoin,BitcoinMagazine,77173.796875,76838.15625,-0.00434915267346045,HOLD
2026-09-11T21:22:59+00:00,"Bitcoin’s ‘Unusual Mix’: Bearish Inflation Print, Bullish Buyback Failure","Bitcoin’s ‘Unusual Mix’: Bearish Inflation Print, Bullish Buyback Failure
Bitcoin Magazine Bitcoin’s ‘Unusual Mix’: Bearish Inflation Print, Bullish Buyback Failure Bitcoin’s path higher just got harder in the short term, but the setup further out may be improving, according to a new report. In a Friday note, European asset manager CoinShares’ Head of Research, James Butterfill, said firmer-than-expected core inflation raises the odds of tighter Fed policy and could cap bitcoin below $80,000 for now. But the longer-term case, he argued, rests on the U.S. Treasury’s bond buyback programme failing to bring down long-end yields — a failure that could ultimately feed the debasement narrative that has supported both bitcoin and gold. “The result is therefore a somewhat unusual policy mix for Bitcoin,” the report read. “Today’s CPI data is negative at the margin, increasing the probability of tighter monetary policy and potentially limiting the immediate upside. “But the apparent failure of the Treasury’s current buying programme increases the likelihood of much more substantial intervention further ahead.” It continued: “If that happens, it could become one of the more powerful medium-term catalysts for Bitcoin.” Data on Friday revealed that the consumer price index, excluding food and energy, climbed 0.3% in August from a month earlier — higher than expected. According to CME’s FedWatch tool, traders think there is a 85% chance interest rates will be higher after the Federal Reserve meets next week. Bitcoin has typically performed well in a low interest rate environment. But the U.S. Treasury’s expanded bond buyback programme has so far failed to materially suppress long-term yields. If yields stay stubbornly high, Butterfill said, pressure will build on Treasury Secretary Scott Bessent to escalate to a much larger, “bazooka-style” buying programme aimed at forcing borrowing costs down. Bitcoin in August had one of its best runs in years after Treasury Secretary Scott Bessent announced the department would double the size of its long-dated bo",https://bitcoinmagazine.com/news/bitcoin-has-unusual-mix-says-coinshares,BitcoinMagazine,77173.796875,76838.15625,-0.00434915267346045,HOLD
2026-09-12T16:00:00+00:00,Ditching bonds for bitcoin: How crypto can tackle the AI-heavy portfolio dilemma,"Ditching bonds for bitcoin: How crypto can tackle the AI-heavy portfolio dilemma
Bitcoin Suisse says rising AI investment, government debt and weakening stock-bond diversification strengthen the case for adding bitcoin to traditional portfolios.",https://www.coindesk.com/business/2026/09/12/ditching-bonds-for-bitcoin-how-crypto-can-tackle-the-ai-heavy-portfolio-dilemma,CoinDesk,77270.46875,78163.3828125,0.011555696205091288,HOLD
2026-09-12T21:09:06+00:00,Bitcoin Suisse plans to cut up to half its Swiss jobs as it shifts work abroad,"Bitcoin Suisse plans to cut up to half its Swiss jobs as it shifts work abroad
The company is closing its Copenhagen IT site while maintaining Bratislava and opening a new hub in Vietnam to reduce costs.",https://www.coindesk.com/business/2026/09/12/bitcoin-suisse-plans-to-cut-up-to-half-its-swiss-jobs-as-it-shifts-work-abroad,CoinDesk,77270.46875,78163.3828125,0.011555696205091288,HOLD
2026-09-14T07:07:54+00:00,Bitcoin ETFs shed $463M in weekly reversal as Ether ETFs gain $197M,"Bitcoin ETFs shed $463M in weekly reversal as Ether ETFs gain $197M
ARKB, GBTC and IBIT led Bitcoin ETF withdrawals, while BlackRock’s ETHA pushed Ether ETFs into weekly inflows.",https://cointelegraph.com/markets/bitcoin-etfs-shed-463m-ether-etfs-gain-197m?utm_source=rss_feed&utm_medium=rss&utm_campaign=rss_partner_inbound,Cointelegraph,78163.3828125,76150.3203125,-0.025754546791161504,SELL
2026-09-14T08:07:16+00:00,Bitcoin bucks tech selloff as AI safety concerns weigh on stocks,"Bitcoin bucks tech selloff as AI safety concerns weigh on stocks
Bitcoin rose above $77,000 as calls to slow AI development hit technology shares, while rising oil prices added to market pressure.",https://www.coindesk.com/markets/2026/09/14/bitcoin-bucks-tech-selloff-as-ai-safety-concerns-weigh-on-stocks,CoinDesk,78163.3828125,76150.3203125,-0.025754546791161504,SELL
2026-09-14T09:55:35+00:00,"Symbiosis says recovered 15 BTC from bridge hack, offers 20% bounty","Symbiosis says recovered 15 BTC from bridge hack, offers 20% bounty
Symbiosis is offering a 20% bounty for information leading to asset recovery after the hacker refused to return the stolen funds for the same white-hat bounty.",https://cointelegraph.com/news/symbiosis-recovered-15-btc-bridge-hack-20-bounty?utm_source=rss_feed&utm_medium=rss&utm_campaign=rss_partner_inbound,Cointelegraph,78163.3828125,76150.3203125,-0.025754546791161504,SELL
2026-09-14T10:02:00+00:00,CLARITY Act vote meets Fed rate hike: Five things to know in Bitcoin this week,"CLARITY Act vote meets Fed rate hike: Five things to know in Bitcoin this week
Bitcoin traders brace for volatility as the CLARITY Act awaits a Senate vote to move forward and the Fed is due to announce its latest rate decision.",https://cointelegraph.com/markets/clarity-act-vote-meets-fed-rate-hike-five-things-to-know-in-bitcoin-this-week?utm_source=rss_feed&utm_medium=rss&utm_campaign=rss_partner_inbound,Cointelegraph,78163.3828125,76150.3203125,-0.025754546791161504,SELL
2026-09-14T10:09:41+00:00,"Bitcoin climbs to $78,000 as crypto sits out the AI selloff","Bitcoin climbs to $78,000 as crypto sits out the AI selloff
Bitcoin rose 1.9% since midnight UTC while Nasdaq 100 index futures fell 1.65% on calls to slow AI development and crude gained almost 4% on a Saudi pipeline closure.",https://www.coindesk.com/markets/2026/09/14/bitcoin-climbs-to-usd78-000-as-crypto-sits-out-the-ai-selloff,CoinDesk,78163.3828125,76150.3203125,-0.025754546791161504,SELL
2026-09-14T11:44:21+00:00,"Live updates: Bitcoin climbs as stocks drop, U.S. 10-year yield rises to 5%","Live updates: Bitcoin climbs as stocks drop, U.S. 10-year yield rises to 5%
The Federal Reserve's two-day policy meeting begins tomorrow, with nearly all now expecting the U.S. central bank to hike its benchmark policy rate by 25 basis points.",https://www.coindesk.com/tech/2026/09/14/live-updates-bitcoin-manages-small-gains-as-stocks-drop-on-ai-concern-oil-surges,CoinDesk,78163.3828125,76150.3203125,-0.025754546791161504,SELL
2026-09-14T12:43:26+00:00,A Bitcoin Berkshire Model: Orange Juice,"A Bitcoin Berkshire Model: Orange Juice
Bitcoin Magazine A Bitcoin Berkshire Model: Orange Juice The corporate Bitcoin landscape is currently dominated by a single, aggressive playbook. Companies following this model rely almost exclusively on capital markets and financial engineering—issuing debt, preferred stock, and common equity at premiums—to turn their corporate balance sheets into amplified, high-beta proxies for Bitcoin. Now, Orange Juice, a firm launched by partners at ego death capital, is introducing a brand-new corporate strategy to the mix. Rather than acting as a financial engineering vehicle reliant on capital markets, Orange Juice plans to acquire profitable American businesses, hold them indefinitely, improve their operations, and direct part of their excess cash flow into a Bitcoin treasury. While the dominant model turns investor demand for credit securities into Bitcoin, Orange Juice wants to turn sustainable operating earnings into Bitcoin. To understand the value of this new approach, you have to understand its primary departure from the prevailing meta: Orange Juice is deliberately not “max long” Bitcoin. By anchoring its balance sheet to traditional operating earnings, the company trades away explosive bull market leverage in exchange for a decorrelated return stream that acts as a vital ballast during bear market winters. Bear market ballasts and countercyclical purchasing power The core argument for the Orange Juice model becomes clearest during a Bitcoin bear market. Bitcoin companies that are driven by capital markets flows work best when investors are eager to finance them. Strong Bitcoin prices support higher equity valuations, which makes share issuance highly accretive, while healthy credit markets lower the cost of borrowing. However, during market downturns, this dynamic reverses. Equity premiums compress, credit becomes expensive, and capital markets become far less receptive. As a result, pure-play Bitcoin balance sheets lose their purchasing power precisely when Bitcoi",https://bitcoinmagazine.com/bitcoin-for-corporations/bitcoin-berkshire-orange-juice,BitcoinMagazine,78163.3828125,76150.3203125,-0.025754546791161504,SELL
2026-09-14T12:58:42+00:00,Bitmine adds $68 million in ether as Tom Lee sees more upside catalysts ahead,"Bitmine adds $68 million in ether as Tom Lee sees more upside catalysts ahead
The Ethereum treasury firm is closing in on its 5% accumulation goal as Lee points to a rising ETH-BTC ratio and institutional demand.",https://www.coindesk.com/business/2026/09/14/bitmine-adds-usd68-million-in-ether-as-tom-lee-sees-more-upside-catalysts-ahead,CoinDesk,78163.3828125,76150.3203125,-0.025754546791161504,SELL
2026-09-18T10:46:17+00:00,Bitcoin adds to bull-market hopes as price metric prints fourth-ever bullish cross,"Bitcoin adds to bull-market hopes as price metric prints fourth-ever bullish cross
The Fisher Transform indicator produced a rare crossover for only the fourth time in Bitcoin’s history.",https://cointelegraph.com/markets/bitcoin-adds-to-bull-market-hopes-as-price-metric-prints-fourth-ever-bullish-cross?utm_source=rss_feed&utm_medium=rss&utm_campaign=rss_partner_inbound,Cointelegraph,80901.4609375,81142.609375,0.002980767401546654,HOLD
2026-09-18T11:54:24+00:00,HYPE hits record above $90 as Hyperliquid launches manual borrowing,"HYPE hits record above $90 as Hyperliquid launches manual borrowing
HYPE hit a record $90.92 after Hyperliquid opened manual borrowing, letting users borrow stablecoins against HYPE and Bitcoin collateral.",https://cointelegraph.com/markets/hype-ath-above-90-hyperliquid-manual-borrowing-lending?utm_source=rss_feed&utm_medium=rss&utm_campaign=rss_partner_inbound,Cointelegraph,80901.4609375,81142.609375,0.002980767401546654,HOLD
2026-09-18T15:35:59+00:00,Bitcoin hits $81K as US bond yields rebound on global oil woes,"Bitcoin hits $81K as US bond yields rebound on global oil woes
Bitcoin price action made swift gains at the start of Friday’s Wall Street trading session as US 30-year bond yields began rising again.",https://cointelegraph.com/markets/bitcoin-hits-81k-as-us-bond-yields-rebound-on-global-oil-woes?utm_source=rss_feed&utm_medium=rss&utm_campaign=rss_partner_inbound,Cointelegraph,80901.4609375,81142.609375,0.002980767401546654,HOLD
2026-09-18T16:46:48+00:00,"Bitcoin Price Surges Over $81,000 Despite Clarity Act Fail and Interest Rate Hike","Bitcoin Price Surges Over $81,000 Despite Clarity Act Fail and Interest Rate Hike
Bitcoin Magazine Bitcoin Price Surges Over $81,000 Despite Clarity Act Fail and Interest Rate Hike Bitcoin’s price on Friday shot above $81,000 — despite a week of setbacks for the crypto industry. The biggest coin was recently trading for $80,982, after jumping as high as $81,055 at one point Friday morning in New York. Over the past 24 hours, it has risen by nearly 6%. Its surge comes after lawmakers on Tuesday blocked long-awaited crypto legislation, the Clarity Act, and the Federal Reserve on Wednesday hiked interest rates. JUST IN: Bitcoin surges to $81,000 pic.twitter.com/EQi5apUlxU — Bitcoin Magazine (@BitcoinMagazine) September 18, 2026 Digital asset industry bigwigs had long called for clear rules to regulate the crypto space and the Clarity Act — which wants to divide oversight between regulators — aimed to do that. But lawmakers blocked the landmark digital asset market structure bill in a procedural vote. And the Federal Reserve increased borrowing costs for the first time due to skyrocketing inflation in the U.S. The central bank’s chair, Kevin Warsh, said that price stability in the U.S. was the Fed’s number one priority. “The plain fact is that inflation is too high, and has been for too long,” Warsh said. “This summer’s inflation readings do not tell me that underlying trends have meaningfully improved.” Bitcoin has in the past done well in a low interest rate environment because it means there is more liquidity to trade the asset. While Bitcoin’s price dipped initially news of the Clarity Act blockage and Fed’s move, it shot up on Friday. Bitcoin exchange-traded funds in the U.S. have so far this week experienced net negative flows, with investors cashing out nearly $427 million from the vehicles, according to Farside Investors data. Flows on Thursday turned positive, with investors chucking nearly $160 million at the funds following two days of consecutive outflows. In a research note Thursday, asset manager Grayscale said that it didn’t expect bit",https://bitcoinmagazine.com/markets/bitcoin-price-jumps-over-81000,BitcoinMagazine,80901.4609375,81142.609375,0.002980767401546654,HOLD
2026-09-18T20:00:13+00:00,CFTC Sends Proposal To Regulate Crypto Transactions Following Clarity Act Fail,"CFTC Sends Proposal To Regulate Crypto Transactions Following Clarity Act Fail
Bitcoin Magazine CFTC Sends Proposal To Regulate Crypto Transactions Following Clarity Act Fail The Commodity Futures Trading Commission on Thursday sent a proposal to the White House to regulate crypto transactions and markets. It isn’t clear what the regulations will look like from the post on the Office of Management and Budget’s website. The proposal is titled “Regulation Crypto Asset Transactions and Regulation Crypto Asset Markets.” The CFTC’s move comes after lawmakers blocked the long-awaited crypto legislation Clarity Act on Tuesday. Despite the law not advancing, both the CFTC and Securities and Exchange Commission have said they would go ahead with crypto rulemaking anyway. CFTC Chair Mike Selig said on Wednesday that while the Clarity Act didn’t move forward, the watchdog would still help U.S. President Trump “get the job done” in regulating the crypto space. “The outcome of yesterday’s Senate vote was unfortunate,” Selig wrote on X, adding that the CFTC was “locked in and ready to ship its rules for the new frontier of finance.” Before the procedural vote on the legislation this week, Selig had said would proceed with rulemaking whether or not the Clarity Act is enacted — with the aim of finalizing rules before the administration’s term is out. Senators last year approved Selig as the regulator’s chair. Formerly chief counsel at the SEC’s Crypto Task Force, Selig was described by White House’s Crypto and AI Tsar, David Sacks, as “instrumental in driving forward the President’s crypto agenda” President Trump campaigned on a ticket to help the crypto space after regulators under the previous administration hit digital asset businesses with lawsuits — mostly for allegedly selling unregistered securities. Since Trump became president, the SEC and CFTC have taken a much friendlier approach to watchdogging the space. The CFTC isn’t the only regulator going ahead with rulemaking: the SEC earlier this week approved tokenized stocks trading. In August, it also p",https://bitcoinmagazine.com/news/cftc-proposes-rules-following-clarity-fail,BitcoinMagazine,80901.4609375,81142.609375,0.002980767401546654,HOLD
2026-09-18T21:48:01+00:00,European Central Bank President Blocked Binance’s EU Entry: Report,"European Central Bank President Blocked Binance’s EU Entry: Report
Bitcoin Magazine European Central Bank President Blocked Binance’s EU Entry: Report European Central Bank President Christine Lagarde stopped Binance from operating in the European Union, according to a Wall Street Journal report. The newspaper on Thursday reported that the top crypto exchange was on the cusp of operating in the trading bloc but then was told it couldn’t after the central bank chief waded in. EU law requires that local Crypto-Asset Service Providers (CASP) have a MiCA license. Binance does not. Binance in June withdrew its MiCA application in Greece. “Lagarde wanted to keep the controversial crypto exchange, which pleaded guilty to financial-crime violations in the U.S., out of the European Union,” the newspaper report said, citing interviews with officials. Lagarde has long been anti-Bitcoin and pro-central bank digital currencies. Back in 2021, Lagarde said that the leading cryptocurrency was “a highly speculative asset” used for money laundering. She also criticized cryptocurrencies as a whole and said central banks would never hold bitcoin. On CBDCs, though, Lagarde takes a different approach. A CBDC is a digital form of fiat money, like the US dollar or euro; nations around the world are in different stages of researching and releasing them. The EU under Lagarde is fast moving forward with a digital euro. Lagarde has described the digital euro as key to Europe’s financial autonomy while taking aim at privately issued stablecoins. CBDCs have been criticized by bitcoiners and others in the crypto industry who think they could be used to surveil citizens. U.S. President Donald Trump signed an executive order banning CBDCs when he took office. The WSJ report added, citing various interviews, that Lagarde was worried Binance would embed the dominance of dollar-based stablecoins in Europe, instead of encouraging euro counterparts. Binance is the world’s biggest crypto exchange and billions of dollars in stablecoins are traded on its platform daily. A",https://bitcoinmagazine.com/news/eu-central-bank-president-blocked-binance,BitcoinMagazine,80901.4609375,81142.609375,0.002980767401546654,HOLD
2026-09-19T12:13:57+00:00,'The orange tie stays': Michael Saylor responds to venture capitalist's bitcoin obituary,"'The orange tie stays': Michael Saylor responds to venture capitalist's bitcoin obituary
""Bitcoin feels like the CD in the age of Spotify, the DVD in the age of Netflix,"" wrote Jason Calacanis.",https://www.coindesk.com/markets/2026/09/19/the-orange-tie-stays-michael-saylor-responds-to-venture-capitalist-s-bitcoin-obituary,CoinDesk,81233.6796875,86602.9140625,0.06609616104619476,BUY
2026-09-19T14:00:00+00:00,'We have lost control': Crypto pioneer warns AI could trigger systemic banking and infrastructure shocks,"'We have lost control': Crypto pioneer warns AI could trigger systemic banking and infrastructure shocks
Marc van der Chijs sold much of his bitcoin to invest in AI. Now, growing concerns about the technology accompany a move to put some profits back into crypto.",https://www.coindesk.com/markets/2026/09/17/we-have-lost-control-crypto-pioneer-warns-ai-could-trigger-systemic-banking-and-infrastructure-shocks,CoinDesk,81233.6796875,86602.9140625,0.06609616104619476,BUY
2026-09-19T19:18:00+00:00,REX launches 2x leveraged ETF tied to Bitcoin treasury firm Strive,"REX launches 2x leveraged ETF tied to Bitcoin treasury firm Strive
The new ASSX fund offers 2x daily exposure to Strive shares, giving traders a leveraged way to bet on the Bitcoin treasury company.",https://cointelegraph.com/news/rex-launches-2x-leveraged-etf-tied-to-bitcoin-treasury-firm-strive?utm_source=rss_feed&utm_medium=rss&utm_campaign=rss_partner_inbound,Cointelegraph,81233.6796875,86602.9140625,0.06609616104619476,BUY
2026-09-20T12:00:00+00:00,Crypto traders braced for a total wipeout this week but Bitcoin had other plans,"Crypto traders braced for a total wipeout this week but Bitcoin had other plans
Market experts view bitcoin’s price stability as evidence of its fundamental independence from Washington, maintaining that global liquidity and adoption cycles remain the primary growth drivers.",https://www.coindesk.com/markets/2026/09/18/crypto-traders-braced-for-a-total-wipeout-this-week-but-bitcoin-had-other-plans,CoinDesk,81142.609375,86172.28125,0.061985582097260475,BUY
2026-09-20T12:57:34+00:00,Why Legendary Investor Bill Miller IV has “Never Been More Bullish on Bitcoin”,"Why Legendary Investor Bill Miller IV has “Never Been More Bullish on Bitcoin”
Bitcoin Magazine Why Legendary Investor Bill Miller IV has “Never Been More Bullish on Bitcoin” Bitcoin’s market cap sits roughly where it did at the last cycle’s peak, but according to Miller Value Partners chairman and CEO Bill Miller IV, the global fiscal situation has gotten much, much worse, which means the gap between price and fair value is wider than ever. Miller explains his capital governance thesis, why he views Bitcoin as a denominator for capital rather than an asset to be valued, and how he frames fair value against a US deficit roughly the size of Bitcoin’s entire market cap. He also addresses gold’s outperformance, the AI trade rotation and global liquidity flows out of Japan and US treasuries. 0:00 — Bill Miller IV on Why He’s Never Been More Bullish on Bitcoin 0:57 — Flat Market Cap, Worse Fundamentals: The Widening Fair Value Gap 2:07 — AI Trade Rotation, Japan Liquidity and the Global Liquidity Question 2:55 — The Deficit Framework: Bitcoin’s Market Cap vs One Year of US Borrowing 3:59 — Why Gold Outperformed Bitcoin and Why Miller Calls It Narrative Lag 5:56 — The Fed’s 25 Basis Point Hike, Energy Prices and Inflation 6:29 — Immigration, Rule of Law and Stability of Process for Capital 8:50 — Capital Governance Explained: What Happens When the Units Change 10:06 — Can US Companies Outrun the Debt, and Why Funds Still Can’t Hold Bitcoin 12:06 — A Denominator for Capital That Isn’t Backed by Force DISCLAIMER: The views and opinions expressed in this show are those of the participants and do not necessarily reflect the official policy or position of BTC Inc., Bitcoin Magazine, or any affiliated entities. This content is provided for informational and educational purposes only and should not be construed as investment, legal, tax, or accounting advice. Nothing contained in this show constitutes a solicitation, recommendation, endorsement, or offer to buy or sell any securities or financial instruments. Viewers should consult their own advisors befor",https://bitcoinmagazine.com/videos/bill-miller-iv-bullish-on-bitcoin,BitcoinMagazine,81142.609375,86172.28125,0.061985582097260475,BUY
2026-09-20T13:06:46+00:00,Strategy CEO Phong Le: We Want to Be the JPMorgan of Bitcoin,"Strategy CEO Phong Le: We Want to Be the JPMorgan of Bitcoin
Bitcoin Magazine Strategy CEO Phong Le: We Want to Be the JPMorgan of Bitcoin Strategy’s aspiration isn’t to be a Bitcoin holding company — it’s to be the JPMorgan of Bitcoin. CEO Phong Le explains what that means in practice: creating products, making markets and providing liquidity for a digital asset economy he believes can eventually reach 8 billion people. He walks through Strategy’s digital credit ecosystem, now roughly $15 billion, and why DeFi protocols building yield and tokenized products on top of STRC matter more than anything Strategy ships itself. Le also addresses the MSCI index question and why the company is fighting exclusion on principle. 0:00 — Global Banks Move Deeper Into Bitcoin as Deutsche Bank Enters 1:29 — Regulatory Clarity and the New Rules From the SEC, CFTC and Treasury 2:06 — Why Strategy Chose Buybacks Over Raising the STRC Dividend 2:52 — What a Period of Stress Taught Strategy About Digital Credit 3:38 — The Two-Way Bitcoin Strategy: Long-Term Accumulation With Flexibility 5:17 — Bitcoin as a Cash-Adjacent Line Item on the Balance Sheet 7:18 — Becoming the JPMorgan of Bitcoin for 8 Billion People 9:16 — Digital Credit Becomes a Platform for DeFi Builders to Build On 12:06 — Stablecoins, Bank Yield Products and STRC’s Path to $300 Billion 14:59 — How AI Tools Are Embedded Across Strategy’s Software and Bitcoin Business DISCLAIMER: The views and opinions expressed in this show are those of the participants and do not necessarily reflect the official policy or position of BTC Inc., Bitcoin Magazine, or any affiliated entities. This content is provided for informational and educational purposes only and should not be construed as investment, legal, tax, or accounting advice. Nothing contained in this show constitutes a solicitation, recommendation, endorsement, or offer to buy or sell any securities or financial instruments. Viewers should consult their own advisors before making financial or business decisions. This post Strategy CEO P",https://bitcoinmagazine.com/videos/strategy-ceo-phong-le-jpmorgan-of-bitcoin,BitcoinMagazine,81142.609375,86172.28125,0.061985582097260475,BUY
2026-09-20T13:15:42+00:00,Coinbase Policy Chief: Strategic Bitcoin Reserve Bill Outlook,"Coinbase Policy Chief: Strategic Bitcoin Reserve Bill Outlook
Bitcoin Magazine Coinbase Policy Chief: Strategic Bitcoin Reserve Bill Outlook The Clarity Act’s cloture vote failed this week, and Coinbase Chief Policy Officer Faryar Shirzad has the clearest post-mortem yet on why. He points to an electoral calendar that caught the bill late in the cycle and a roughly $200 million campaign by big banks that created serious drag on the process. Shirzad explains why he believes Congress has had its shot and why the real action now moves to the SEC, CFTC and bank regulators under Paul Atkins. He also lays out the three-track policy strategy — legislation, regulation and international — that he says still has strong momentum. DISCLAIMER: The views and opinions expressed in this show are those of the participants and do not necessarily reflect the official policy or position of BTC Inc., Bitcoin Magazine, or any affiliated entities. This content is provided for informational and educational purposes only and should not be construed as investment, legal, tax, or accounting advice. Nothing contained in this show constitutes a solicitation, recommendation, endorsement, or offer to buy or sell any securities or financial instruments. Viewers should consult their own advisors before making financial or business decisions. This post Coinbase Policy Chief: Strategic Bitcoin Reserve Bill Outlook first appeared on Bitcoin Magazine and is written by Patrick Green .",https://bitcoinmagazine.com/videos/coinbase-policy-chief-strategic-bitcoin-reserve-bill-outlook,BitcoinMagazine,81142.609375,86172.28125,0.061985582097260475,BUY
2026-09-20T13:24:37+00:00,T. Rowe Price’s Blue Macellari: Bitcoin is Now Core to the Debasement Conversation,"T. Rowe Price’s Blue Macellari: Bitcoin is Now Core to the Debasement Conversation
Bitcoin Magazine T. Rowe Price’s Blue Macellari: Bitcoin is Now Core to the Debasement Conversation Blue Macellari spent 20 years investing in emerging market sovereign and distressed debt before building T. Rowe Price’s digital assets business — which makes her read on the Treasury market unusually worth hearing. She discusses the return of the bond vigilantes, the shift from foreign to domestic financing of US debt, and why the Japan and Italy comparisons don’t map cleanly onto America’s buyer base. She also assesses whether GENIUS Act stablecoin demand for T-bills is a material change or wishful thinking. Chapters: 0:00 — How the Digital Asset Conversation Changed Inside T. Rowe Price 1:15 — Why T. Rowe Price Built an Actively Managed Multi-Token ETF 2:43 — Tokenization at Scale and the Automation of Asset Management 4:22 — Bifurcated Liquidity and the Risks of 24/7 Trading 6:11 — The Brazil Mortgage Story That Became a Bitcoin Origin Story 7:04 — Global Liquidity, Fiscal Concerns and the Bond Vigilantes Return 8:26 — Foreign vs Domestic Treasury Buyers and the Japan Comparison 10:15 — Can GENIUS Act Stablecoins Create Real Demand for T-Bills? 11:16 — Why the Debasement Trade Actually Drives Institutional Allocations 13:02 — Volatility as a Portfolio Tool and the Generational Allocation Split DISCLAIMER: The views and opinions expressed in this show are those of the participants and do not necessarily reflect the official policy or position of BTC Inc., Bitcoin Magazine, or any affiliated entities. This content is provided for informational and educational purposes only and should not be construed as investment, legal, tax, or accounting advice. Nothing contained in this show constitutes a solicitation, recommendation, endorsement, or offer to buy or sell any securities or financial instruments. Viewers should consult their own advisors before making financial or business decisions. This post T. Rowe Price’s Blue Macellari: Bitcoin is Now Core to the Debasement C",https://bitcoinmagazine.com/videos/t-rowe-prices-blue-macellari-bitcoin-is-now-core-to-the-debasement-conversation,BitcoinMagazine,81142.609375,86172.28125,0.061985582097260475,BUY
2026-09-20T13:34:01+00:00,Move Over Housing – Bitcoin is Gen Z’s New Wealth Building Asset,"Move Over Housing – Bitcoin is Gen Z’s New Wealth Building Asset
Bitcoin Magazine Move Over Housing – Bitcoin is Gen Z’s New Wealth Building Asset Gen Z now makes up less than 5% of the new home market and Hunter Albright of SALT Lending thinks that changes what assets an entire generation chooses to build wealth with. In this conversation he connects housing affordability, Bitcoin as collateral, and the rise of borrowing against Bitcoin for down payments without locking your coins up for 30 years. Albright also covers Fannie Mae and Freddie Mac recognizing Bitcoin, SALT’s five-year loan terms, and what a Bitcoin-powered life actually looks like in practice. DISCLAIMER: The views and opinions expressed in this show are those of the participants and do not necessarily reflect the official policy or position of BTC Inc., Bitcoin Magazine, or any affiliated entities. This content is provided for informational and educational purposes only and should not be construed as investment, legal, tax, or accounting advice. Nothing contained in this show constitutes a solicitation, recommendation, endorsement, or offer to buy or sell any securities or financial instruments. Viewers should consult their own advisors before making financial or business decisions. This post Move Over Housing – Bitcoin is Gen Z’s New Wealth Building Asset first appeared on Bitcoin Magazine and is written by Patrick Green .",https://bitcoinmagazine.com/videos/move-over-housing-bitcoin-is-gen-zs-new-wealth-building-asset,BitcoinMagazine,81142.609375,86172.28125,0.061985582097260475,BUY
2026-09-20T23:37:39+00:00,Who needs CLARITY anyway? ARB could see 70X increase: Hodler’s Digest,"Who needs CLARITY anyway? ARB could see 70X increase: Hodler’s Digest
Crypto missed out on CLARITY, but tokenized stocks were legalized and the Bitcoin Reserve advanced. Meanwhile Standard Chartered says Arbitrum’s price could increase 70 times by 2030.",https://cointelegraph.com/magazine/who-needs-clarity-anyway-arb-could-see-70x-increase-asia-express?utm_source=rss_feed&utm_medium=rss&utm_campaign=rss_partner_inbound,Cointelegraph,81142.609375,86172.28125,0.061985582097260475,BUY
2026-09-21T00:52:50+00:00,Strategy Founder Michael Saylor Argues Clarity Act Collapse Is a Win,"Strategy Founder Michael Saylor Argues Clarity Act Collapse Is a Win
Bitcoin Magazine Strategy Founder Michael Saylor Argues Clarity Act Collapse Is a Win Bitcoin treasury founder and pioneer Michael Saylor has said that the blockage of the Clarity Act is actually good for the digital asset space. Writing on X on Saturday, the Strategy founder and chair said that legislation can make restrictions permanent just as easily as rights. Lawmakers this week blocked long-awaited crypto legislation, the Clarity Act , which aims to formally divide oversight between regulators. The digital asset industry had long called for such rules to be in place. https://t.co/YhBIagcKpP — Michael Saylor (@saylor) September 19, 2026 Despite the hurdle, regulators like the Securities and Exchange Commission and the Commodity Futures Trading Commission are pushing ahead with rulemaking. “We have an administration willing to modernize financial markets. We should use the next two years to put better financial products into people’s hands,” Saylor wrote. He continued: “Let the Digital Assets industry innovate rapidly in a free market and create the greatest possible value for the U.S. and global economy.” Saylor, whose company Strategy started buying bitcoin in 2020, argued that watchdogs going ahead to make rules anyway — like the SEC’s conditional relief for onchain trading of certain tokenized stocks and the CFTC Chairman stated willingness to act without the bill — would give crypto companies the regulation they need. Saylor went on to argue that proposals in the act — such as limits on paying customers for holding payment stablecoins — wouldn’t benefit the crypto space anyway. Senators on Tuesday mostly voted against advancing the legislation — 49 for and 50 against — that the digital asset industry has long called for. The bill aims to formally divide oversight between regulators, distinguishing which digital assets are securities, commodities or stablecoins. President Donald Trump last month urged lawmakers to pass it, helping spur a bitcoin rally. But R",https://bitcoinmagazine.com/news/saylor-argues-clarity-act-failure-is-a-win,BitcoinMagazine,86602.9140625,84383.0078125,-0.025633158814932343,SELL
2026-09-21T03:56:23+00:00,Bitcoin’s price has cleared a key hurdle that has historically preceded major bull runs,"Bitcoin’s price has cleared a key hurdle that has historically preceded major bull runs
Bitcoin's price has topped its 50-week average for the first time in 45 weeks, a major bullish signal.",https://www.coindesk.com/markets/2026/09/21/bitcoin-s-price-has-cleared-a-key-hurdle-that-has-historically-preceded-major-bull-runs,CoinDesk,86602.9140625,84383.0078125,-0.025633158814932343,SELL
2026-09-21T04:03:43+00:00,"Bitcoin rises above $81,000, while NEAR jumps 23% on Zcash swap traffic","Bitcoin rises above $81,000, while NEAR jumps 23% on Zcash swap traffic
Bitcoin extended a slow climb through the Asian session while regional equities and U.S. stock futures rose on progress in trade talks between Washington and Beijing.",https://www.coindesk.com/markets/2026/09/21/bitcoin-rises-above-usd81-000-while-near-jumps-23-on-zcash-swap-traffic,CoinDesk,86602.9140625,84383.0078125,-0.025633158814932343,SELL
2026-09-21T04:29:59+00:00,Bitcoin reclaims 50-week moving average as analysts eye end of bear market,"Bitcoin reclaims 50-week moving average as analysts eye end of bear market
Bitcoin’s move above its 50-week moving average has historically marked the end of bear markets, but analysts say one weekly close isn’t enough to confirm a new bull run.",https://cointelegraph.com/markets/bitcoin-reclaims-50-week-moving-average-is-the-bear-market-over?utm_source=rss_feed&utm_medium=rss&utm_campaign=rss_partner_inbound,Cointelegraph,86602.9140625,84383.0078125,-0.025633158814932343,SELL
2026-09-21T08:39:26+00:00,"Live updates: Bitcoin tops $85,000, reclaims U.S. ETF cost basis for first time since January","Live updates: Bitcoin tops $85,000, reclaims U.S. ETF cost basis for first time since January
Crypto majors climbed alongside equity futures on Monday, with Monero's XMR up 13%, as Brent fell for a fourth straight session and traders positioned for Trump-Xi summit later this week.",https://www.coindesk.com/business/2026/09/21/live-updates-bitcoin-rises-above-usd82-000-as-falling-oil-lifts-risk-assets,CoinDesk,86602.9140625,84383.0078125,-0.025633158814932343,SELL
2026-09-21T09:35:25+00:00,X sues Bitcoin account operators over alleged $278K payout fraud,"X sues Bitcoin account operators over alleged $278K payout fraud
X alleges six Bitcoin-focused accounts coordinated posts and engagement to inflate creator payouts, with claimed and projected losses of at least $378,000.",https://cointelegraph.com/news/x-lawsuit-bitcoin-accounts-alleged-scheme?utm_source=rss_feed&utm_medium=rss&utm_campaign=rss_partner_inbound,Cointelegraph,86602.9140625,84383.0078125,-0.025633158814932343,SELL
2026-09-21T10:15:44+00:00,X sues its own users for running a fake bitcoin news bot farm,"X sues its own users for running a fake bitcoin news bot farm
X has sued Vivek Kumar Sen and Zmyang Sherpa for running fake bitcoin headline accounts to fraudulently earn creator rewards from the platform.",https://www.coindesk.com/markets/2026/09/21/x-sues-its-won-users-for-running-a-fake-bitcoin-news-bot-farm,CoinDesk,86602.9140625,84383.0078125,-0.025633158814932343,SELL
2026-09-21T10:15:51+00:00,BTC price nears eight-month high above $85K: Five things to know in Bitcoin this week,"BTC price nears eight-month high above $85K: Five things to know in Bitcoin this week
Bitcoin hit $85,000 for the first time since January as markets focused on cooling oil prices.",https://cointelegraph.com/markets/btc-price-nears-eight-month-high-above-85k-five-things-to-know-in-bitcoin-this-week?utm_source=rss_feed&utm_medium=rss&utm_campaign=rss_partner_inbound,Cointelegraph,86602.9140625,84383.0078125,-0.025633158814932343,SELL
2026-09-21T10:30:00+00:00,"Bitcoin hits $85,000 as short squeeze forces out $648 million of bearish bets","Bitcoin hits $85,000 as short squeeze forces out $648 million of bearish bets
Open interest climbed 7.59% to $156 billion even as positions were closed out, a sign traders are chasing the move rather than stepping back.",https://www.coindesk.com/markets/2026/09/21/bitcoin-hits-usd85-000-as-short-squeeze-forces-out-usd648-million-of-bearish-bets,CoinDesk,86602.9140625,84383.0078125,-0.025633158814932343,SELL
2026-09-21T11:30:00+00:00,Perp futures linked to 'bitcoin VIX' debut on Hyperliquid,"Perp futures linked to 'bitcoin VIX' debut on Hyperliquid
Deployed via Kinetiq's Markets frontend and led by Volmex CEO Cole Kennelly, Hyperliquid's new BVIV perpetuals let traders easily go long or short on 30-day bitcoin volatility.",https://www.coindesk.com/markets/2026/09/21/perp-futures-linked-to-bitcoin-vix-debut-on-hyperliquid,CoinDesk,86602.9140625,84383.0078125,-0.025633158814932343,SELL
2026-09-21T11:36:11+00:00,Bitcoin's 44% gain in third quarter teases full-blown crypto bull run,"Bitcoin's 44% gain in third quarter teases full-blown crypto bull run
Your day-ahead look for Sept. 21, 2026",https://www.coindesk.com/daybook-us/2026/09/21/bitcoin-s-44-gain-in-third-quarter-teases-full-blown-crypto-bull-run,CoinDesk,86602.9140625,84383.0078125,-0.025633158814932343,SELL
2026-09-21T12:08:02+00:00,"Strategy returns to bitcoin buys, adding $75 million of BTC last week","Strategy returns to bitcoin buys, adding $75 million of BTC last week
It's the first week of bitcoin purchases for Strategy in about three weeks.",https://www.coindesk.com/markets/2026/09/21/strategy-returns-to-bitcoin-buys-adding-usd75-million-of-btc-last-week,CoinDesk,86602.9140625,84383.0078125,-0.025633158814932343,SELL
2026-09-21T12:48:21+00:00,"Strategy buys 950 Bitcoin for $76M, repurchases $174M in STRC","Strategy buys 950 Bitcoin for $76M, repurchases $174M in STRC
Strategy bought 950 Bitcoin for $75.7 million after a two-week pause and spent another $174 million repurchasing its STRC preferred stock.",https://cointelegraph.com/news/strategy-950-btc-buy-strc-repurchase-174-million?utm_source=rss_feed&utm_medium=rss&utm_campaign=rss_partner_inbound,Cointelegraph,86602.9140625,84383.0078125,-0.025633158814932343,SELL
2026-09-21T13:10:28+00:00,Billionaire Investor Tim Draper: “Irresponsible” for Apple & Meta NOT to Hold BTC,"Billionaire Investor Tim Draper: “Irresponsible” for Apple & Meta NOT to Hold BTC
Bitcoin Magazine Billionaire Investor Tim Draper: “Irresponsible” for Apple & Meta NOT to Hold BTC Government spending hasn’t slowed, and Tim Draper says that leaves only two real outcomes: hyperinflation or interest rates high enough to break banks. In this Bitcoin Magazine Podcast conversation with host Spencer Nichols, the Draper Associates founder makes the case that every business should hold at least four weeks of operating expenses in Bitcoin, every individual about six months, and every government a Bitcoin hedge. He explains why he considers boards that hold zero Bitcoin to be exposed — legally and financially — when a bank holding their cash goes under. Draper also maps his $250,000 Bitcoin price target to the next halving and the supply shock that follows. Host: Spencer Nichols — Bitcoin Magazine Tim Draper — Draper Associates Chapters: 00:00 — Why Apple and Facebook Should Hold Bitcoin on the Balance Sheet 01:56 — Decentralization and the Speed of Innovation 04:06 — Is AI a Centralizing or Decentralizing Force? 06:31 — AI Versus Big Law, Big Banks, and the Bureaucracy 09:05 — Government Spending, Hyperinflation, and Bitcoin as a Safe Harbor 11:21 — The Confederate Million Dollar Bill and Three Paths for the Dollar 13:58 — Open Borders, Pandemic Fear, and the Marketplace of Governments 16:56 — Governance as a Service and Governments That Compete for You 20:00 — Voting on Phones, Estonia, and Bitcoin’s Road to Retail 23:28 — The $250K Target, Two More Halvings, and an All-Bitcoin Fund DISCLAIMER: The views and opinions expressed in this show are those of the participants and do not necessarily reflect the official policy or position of BTC Inc., Bitcoin Magazine, or any affiliated entities. This content is provided for informational and educational purposes only and should not be construed as investment, legal, tax, or accounting advice. Nothing contained in this show constitutes a solicitation, recommendation, endorsement, or offer to buy or sell any secu",https://bitcoinmagazine.com/videos/billionaire-investor-tim-draper-irresponsible-for-apple-meta-not-to-hold-btc,BitcoinMagazine,86602.9140625,84383.0078125,-0.025633158814932343,SELL
2026-09-25T15:35:30+00:00,Is US Defence Secretary Pete Hegseth a Bitcoiner? This Is What His Accounts Say,"Is US Defence Secretary Pete Hegseth a Bitcoiner? This Is What His Accounts Say
Bitcoin Magazine Is US Defence Secretary Pete Hegseth a Bitcoiner? This Is What His Accounts Say U.S. Secretary of Defense Peter Hegseth holds more cash than he does bitcoin. That’s according to his newly released 2025 annual financial disclosure, which shows he has between $16,000 and $65,000 in the leading cryptocurrency while a bank account holds $1 million in cash. Hegseth, who was appointed Defense Secretary in January 2025, is part of the most crypto-friendly administration the U.S. has had. President Donald Trump was backed by digital asset industry bigwigs and last month pushed for landmark crypto legislation, the Clarity Act , to pass. Hegseth’s Office of Government Ethics filing also showed that he and his wife have retirement accounts containing investments worth roughly $2.05 million to $4.35 million. Some of the investments include exchange-traded funds like the tech-heavy Invesco QQQ Trust and the closed-end fund the Apollo Diversified Real Estate Fund. Transactions made by Hegseth including sales of Amazon, Microsoft, and Apple stock. The bitcoin stash held by Hegseth is kept in a Coinbase wallet, the filing states. Hegseth’s crypto holdings are modest compared to the Trump family’s, which has made billions in crypto ventures since the president took office. President Trump personally disclosed that he’d made more than $1.4 billion from the family’s digital asset ventures, making crypto his largest income source and far ahead of real estate and legal settlements. His family — including sons Eric and Donald Jr. — made $2.3 billion from four crypto ventures through the end of April 2026, a Reuters investigation reported this year. Critics, including Democrats, have accused Trump of profiting from crypto while shaping policy on it. The White House has consistently denied any conflicts of interest, and Trump has pointed to stock trading by members of Congress, particularly Nancy Pelosi, calling for a ban on the practice. This post Is US Defence Secretary ",https://bitcoinmagazine.com/news/is-us-defence-secretary-pete-hegseth-a-bitcoiner-this-is-what-his-accounts-say,BitcoinMagazine,84034.921875,84458.0859375,0.005035573938290164,HOLD
2026-09-25T15:39:53+00:00,Bitcoin Treasury Strategy Proposes Daily Dividends For Preferred Stocks,"Bitcoin Treasury Strategy Proposes Daily Dividends For Preferred Stocks
Bitcoin Magazine Bitcoin Treasury Strategy Proposes Daily Dividends For Preferred Stocks Bitcoin treasury company Strategy wants to pay investors daily dividends on four of its preferred stocks. The largest corporate holder of bitcoin said Friday that it was asking shareholders to approve the move, which would pay investors dividends every calendar day — including weekends and holidays — on STRF, STRC, STRK, and STRD. “If approved and adopted, we believe this would reduce reinvestment lag, enhance liquidity and market efficiency, and increase price stability,” Strategy said in a statement. Stockholders will attend a meeting to vote on the proposal on October 28. Strategy is proposing daily dividends on $STRF , $STRC , $STRK , and $STRD , accruing every calendar day, including weekends and holidays, and paid the next business day, with economics unchanged. The proposed changes aim to support price stability, liquidity, and demand. pic.twitter.com/N0wkXzi1gl — Michael Saylor (@saylor) September 25, 2026 Strategy slowed down with its aggressive bitcoin buys this year, as the largest cryptocurrency fell into a bear market. The Nasdaq-listed company instead focused on protecting its balance sheet and sold chunks of its bitcoin. Friday’s announcement claimed the move would help both investors and common stockholders. “We believe these enhancements can also benefit our common stockholders by increasing the attractiveness and utility of our Digital Credit instruments, supporting our ability to access preferred equity capital efficiently and expanding the capital markets toolkit we use to execute our Bitcoin Treasury strategy,” Strategy added in a statement. Strategy — formerly MicroStrategy — is an enterprise software company that pivoted to buying and holding bitcoin in 2020. It first bought the cryptocurrency to protect its shareholders from inflation. Since then, it has aggressively bought the asset and pivoted to being a bitcoin treasury. Investors can now buy its share",https://bitcoinmagazine.com/news/strategy-proposes-daily-dividends,BitcoinMagazine,84034.921875,84458.0859375,0.005035573938290164,HOLD
2026-09-25T16:34:16+00:00,Strategy seeks shareholder approval for daily preferred stock dividends,"Strategy seeks shareholder approval for daily preferred stock dividends
Strategy’s proposal would move STRC and its three other preferred stocks to daily dividend payments, following a similar move by Bitcoin treasury firm Strive.",https://cointelegraph.com/news/strategy-seeks-shareholder-approval-daily-preferred-stock-dividends?utm_source=rss_feed&utm_medium=rss&utm_campaign=rss_partner_inbound,Cointelegraph,84034.921875,84458.0859375,0.005035573938290164,HOLD
2026-09-25T19:55:01+00:00,Bitcoin ETFs Extend Winning Streak With Nearly $3B in Inflows,"Bitcoin ETFs Extend Winning Streak With Nearly $3B in Inflows
Bitcoin Magazine Bitcoin ETFs Extend Winning Streak With Nearly $3B in Inflows Bitcoin exchange-traded funds are on a winning streak, with investors buying for six consecutive days. The funds — managed by the likes of BlackRock, Fidelity, and Morgan Stanley — have received over $2.8 billion in new investment since September 17, according to Farside Investors data. On Monday alone, investors bought nearly $1 billion in shares — the most since October 6, when the funds received over $1.2 billion and the price of the leading cryptocurrency hit a new all-time high of $126,080. Still, Bitcoin’s price on Friday is only up modestly: it recently stood at nearly $83,975 after reaching as high as $87,330 on Monday. Over the past seven days, the coin’s price has surged by nearly 4%. While the price of the leading cryptocurrency has since dipped from earlier this week, Bloomberg ETF analyst James Seyffart pointed out that the average ETF buyer is now in profit after the estimated ETF cost basis surged above $81,72 for the first time since January. NEW: The average Bitcoin ETF Holder is back above water for the first time since January. The rally this morning has bitcoin:native above our estimated ETF cost basis of $81,722 per coin. h/t @EricBalchunas pic.twitter.com/h21zuvTxj6 — James Seyffart (@JSeyff) September 21, 2026 Investors have a renewed interest in Bitcoin since the U.S. Department of the Treasury in August said it would at least double the size of its liquidity-support buyback operations. Bitcoin’s price rallied as the move pushed 30-year Treasury yields down and weakened the dollar. Since the August announcement, U.S. Treasury yields have surged again. Bitcoin continued its run last week, shrugging off the fact that lawmakers had blocked landmark crypto legislation, the Clarity Act, and the Federal Reserve had hiked interest rates. Some analysts have said that the leading cryptocurrency is now in a bull run. Crypto market data firm CryptoQuant this week wrote that t",https://bitcoinmagazine.com/news/bitcoin-etfs-bring-in-nearly-3-billion,BitcoinMagazine,84034.921875,84458.0859375,0.005035573938290164,HOLD
2026-09-25T20:08:41+00:00,North Korean Hackers Linked to $388M Bitget Crypto Exchange Theft: CEO,"North Korean Hackers Linked to $388M Bitget Crypto Exchange Theft: CEO
Bitcoin Magazine North Korean Hackers Linked to $388M Bitget Crypto Exchange Theft: CEO Hackers from North Korea targeted crypto exchange Bitget on Thursday, according to an update from the CEO, making away with close to $388 million in digital assets — more than originally reported. Bitget CEO Gracy Chen said Friday that the higher figure “reflects a more complete accounting of transfers during the incident.” Chen had first reported that over $350 million had been moved. Security firms first flagged unauthorized transactions from the Victoria, Seychelles-based exchange’s hot wallets on Thursday before the company announced it had frozen withdrawals. Bitget is the sixth biggest crypto exchange, processing over $1 billion in trading volume per day, according to CoinGecko data. “Based on IP behavior patterns and on-chain analysis, the attack method in this incident is highly consistent with known patterns of North Korean hacker organizations,” Chen wrote on X on Friday. She added: “Our goal is to complete a full recovery as soon as possible. We will announce the specific time window immediately upon confirmation.” In a security update, the exchange said it identified the digital assets stolen, which mostly included ethereum, tron, and USDT stablecoin — and no bitcoin. But a stolen funds tracker does show that the attacker has over $28.8 million in the leading cryptocurrency. Crypto stealing criminals — especially from North Korea — have become more sophisticated and faster since last year. Experts have said that the use of artificial intelligence tools is allowing cyber crooks to work more efficiently. U.S. authorities have long alleged that hacking groups with ties to the North Korea’s government, such as Lazarus, steal from crypto exchanges. Crypto security is in the limelight after a string of breaches this year have the community reeling. Just in July, hackers targeted a firmware bug in the popular bitcoin hardware wallet, Coldcard, to steal nearly $120 million in",https://bitcoinmagazine.com/news/north-korea-linked-to-bitget-hack,BitcoinMagazine,84034.921875,84458.0859375,0.005035573938290164,HOLD
2026-09-26T12:00:00+00:00,Bitcoin could soon get Zcash-style 'shielded' privacy without changing its rules,"Bitcoin could soon get Zcash-style 'shielded' privacy without changing its rules
Researchers have mapped out private bitcoin-denominated transfers that run alongside Bitcoin, but the system still lacks a finished way to lock up real BTC and release it again.",https://www.coindesk.com/tech/2026/09/25/bitcoin-could-soon-get-zcash-style-shielded-privacy-without-changing-its-rules,CoinDesk,84406.453125,82997.3828125,-0.016693869489021962,HOLD
2026-09-26T15:23:26+00:00,Grant Cardone: Real Estate “Armageddon” Is Here – Why BITCOIN is the Hedge,"Grant Cardone: Real Estate “Armageddon” Is Here – Why BITCOIN is the Hedge
Bitcoin Magazine Grant Cardone: Real Estate “Armageddon” Is Here – Why BITCOIN is the Hedge Commercial real estate is facing a historic reset, and Grant Cardone is using it to stack Bitcoin. The Cardone Capital founder explains how high interest rates are pushing properties below replacement cost and how he fills that gap with Bitcoin on the balance sheet. He breaks down his goal of 25,000 apartments and 25,000 BTC, and why he calls real estate his “Trojan horse” for Bitcoin. Chapters: 00:00 Grant Cardone on the Commercial Real Estate Reset and 6.4% Rates 00:51 How Cardone Capital’s Bitcoin Real Estate Deals Work 02:23 Why REITs Can Never Own Bitcoin: Cardone’s Competitive Moat 04:26 From 3,000 to 25,000 BTC: Real Estate as the Trojan Horse 06:50 Michael Saylor’s “P Word” and the $335M Boca Raton Deal 09:01 Will Cardone Capital Go Public? 10:12 Why Commercial Real Estate Faces a Historic Crash 11:02 Why Single-Family Home Prices Won’t Correct 12:31 Why Bitcoin and Real Estate Are the Perfect Hybrid Asset 14:32 Why Other Real Estate Investors Can’t Copy This Strategy DISCLAIMER: The views and opinions expressed in this show are those of the participants and do not necessarily reflect the official policy or position of BTC Inc., Bitcoin Magazine, or any affiliated entities. This content is provided for informational and educational purposes only and should not be construed as investment, legal, tax, or accounting advice. Nothing contained in this show constitutes a solicitation, recommendation, endorsement, or offer to buy or sell any securities or financial instruments. Viewers should consult their own advisors before making financial or business decisions. This post Grant Cardone: Real Estate “Armageddon” Is Here – Why BITCOIN is the Hedge first appeared on Bitcoin Magazine and is written by Patrick Green .",https://bitcoinmagazine.com/news/grant-cardone-real-estate-armageddon-is-here-why-bitcoin-is-the-hedge,BitcoinMagazine,84406.453125,82997.3828125,-0.016693869489021962,HOLD
2026-09-26T15:37:08+00:00,Katie Stockton: $93K BTC is the Key Price Level for the Bull Market,"Katie Stockton: $93K BTC is the Key Price Level for the Bull Market
Bitcoin Magazine Katie Stockton: $93K BTC is the Key Price Level for the Bull Market Is the Bitcoin bear market officially over? Katie Stockton, founder of Fairlead Strategies, breaks down the technical signals behind Bitcoin’s rally of more than 50% off its recent lows, including the break above the 200-day moving average and the 83K–84K resistance zone. She explains why the cloud model points to $93,000 as the level where a new Bitcoin bull cycle becomes official. She also covers the flag pattern breakout, the monthly stochastic oscillator, and what could turn her defensive heading into Q4. DISCLAIMER: The views and opinions expressed in this show are those of the participants and do not necessarily reflect the official policy or position of BTC Inc., Bitcoin Magazine, or any affiliated entities. This content is provided for informational and educational purposes only and should not be construed as investment, legal, tax, or accounting advice. Nothing contained in this show constitutes a solicitation, recommendation, endorsement, or offer to buy or sell any securities or financial instruments. Viewers should consult their own advisors before making financial or business decisions. This post Katie Stockton: $93K BTC is the Key Price Level for the Bull Market first appeared on Bitcoin Magazine and is written by Patrick Green .",https://bitcoinmagazine.com/videos/katie-stockton-93k-btc-is-the-key-price-level-for-the-bull-market,BitcoinMagazine,84406.453125,82997.3828125,-0.016693869489021962,HOLD
2026-09-26T15:43:07+00:00,TECHNICAL ANALYSIS: BTC to Cross Key Price Level Against Gold,"TECHNICAL ANALYSIS: BTC to Cross Key Price Level Against Gold
Bitcoin Magazine TECHNICAL ANALYSIS: BTC to Cross Key Price Level Against Gold The 90-day correlation between Bitcoin and gold just hit a six-year high, and Bitcoin is now just 3% away from flipping positive against gold for 2026. In today’s Chart of the Day, Sean breaks down the Bitcoin-to-gold chart, the string of higher lows since February, and the new high above 17.9 ounces. Chapters: 0:00 Bitcoin-Gold 90-Day Correlation Hits a Six-Year High 0:35 Why Measure Bitcoin in Gold? Stripping Out Dollar Debasement 1:20 Higher Lows and Higher Highs on the BTC/Gold Chart 2:27 From 12.1 oz to 17.9 oz: The Bullish Bitcoin Setup 2:53 The 20.3 oz 2026 Yearly Open and the Levels That Matter 3:21 Next Bitcoin Resistance: 21.5 oz of Gold (~$92K) DISCLAIMER: The views and opinions expressed in this show are those of the participants and do not necessarily reflect the official policy or position of BTC Inc., Bitcoin Magazine, or any affiliated entities. This content is provided for informational and educational purposes only and should not be construed as investment, legal, tax, or accounting advice. Nothing contained in this show constitutes a solicitation, recommendation, endorsement, or offer to buy or sell any securities or financial instruments. Viewers should consult their own advisors before making financial or business decisions. This post TECHNICAL ANALYSIS: BTC to Cross Key Price Level Against Gold first appeared on Bitcoin Magazine and is written by Patrick Green .",https://bitcoinmagazine.com/videos/technical-analysis-btc-to-cross-key-price-level-against-gold,BitcoinMagazine,84406.453125,82997.3828125,-0.016693869489021962,HOLD
2026-09-26T15:49:00+00:00,An Austrian Economist Explains Why AI Will Make Everyone an Entrepreneur w/ Per Bylund,"An Austrian Economist Explains Why AI Will Make Everyone an Entrepreneur w/ Per Bylund
Bitcoin Magazine An Austrian Economist Explains Why AI Will Make Everyone an Entrepreneur w/ Per Bylund AI is changing how we work, but can it replace the human entrepreneur? Austrian economist Per Bylund, Senior Fellow at the Mises Institute, joins Spencer Nichols to explain why AI is a statistical engine that improves efficiency but can’t imagine the future. He argues we’re moving from an employment economy to an entrepreneurship economy, and explains what that means for jobs, innovation, and value creation. Chapters: 00:00 Austrian Economics on AI, Innovation, and Entrepreneurship 02:34 Can AI Replace the Entrepreneur? 05:48 Invention vs Innovation: What Bitcoin Teaches About AI 06:29 From an Employment Economy to an Entrepreneurship Economy 09:52 Can Regulators Keep Up With the Speed of AI? 13:06 Remote Work, Capital Controls, and the Future of Money 18:23 Why Every Voluntary Trade Has Two Winners 26:28 The Individual vs the State in US-China Competition 31:17 Steel Stockpiles, Sugar Subsidies, and the Lobbying Behind Protectionism 33:36 OpenAI, Anthropic, and Regulatory Capture in AI DISCLAIMER: The views and opinions expressed in this show are those of the participants and do not necessarily reflect the official policy or position of BTC Inc., Bitcoin Magazine, or any affiliated entities. This content is provided for informational and educational purposes only and should not be construed as investment, legal, tax, or accounting advice. Nothing contained in this show constitutes a solicitation, recommendation, endorsement, or offer to buy or sell any securities or financial instruments. Viewers should consult their own advisors before making financial or business decisions. This post An Austrian Economist Explains Why AI Will Make Everyone an Entrepreneur w/ Per Bylund first appeared on Bitcoin Magazine and is written by Patrick Green .",https://bitcoinmagazine.com/videos/an-austrian-economist-explains-why-ai-will-make-everyone-an-entrepreneur-w-per-bylund,BitcoinMagazine,84406.453125,82997.3828125,-0.016693869489021962,HOLD
2026-09-26T17:06:47+00:00,Samourai Letter #7: Notes From The Inside,"Samourai Letter #7: Notes From The Inside
Bitcoin Magazine Samourai Letter #7: Notes From The Inside Dear Reader, It has been many months since I last wrote you. Part of the reason for that is because I spent most of June and part of July in transit from FPC Morgantown to FCI McKean – a four hour drive away. For most of that time I had no access to pen, paper, stamps, or the rudimentary email system that I use to send these letters out. The other part of the reason why I haven’t written in so long is that once I did finally arrive I was so shell shocked from the entire ordeal that I needed time to decompress and process that month long trauma that is BOP transit. Six days after arriving at FCI McKean I finally put pen to paper to document the journey but the result was less of a letter and more of a trauma dump to help me process the absolute worst 30 days of my life. I decided to take a step back and give it some time before I sent out this letter. I have been slowly adapting to life here at McKean, and in good time I will tell you all about this place, but for this letter I want to go back to early June. I want to tackle the entire transit process and explain how what should have been a quick four hour drive turned into 30 days, two trans-continental flights, three multi-hour bus rides, a cell mate doing time for murder, and a cell mate who couldn’t stop shitting (I preferred the murderer). This letter will likely be published in two parts due to the length. Thank you for your continued reading and support. If you have time to read this article, you have time to sign the petition to free Samourai Wallet developers Keonne Rodriguez and William Hill. Every signature counts. “ I finally put pen to paper to document […] the absolute worst 30 days of my life .” On June 5th I was told I would be transferred from FPC Morgantown for a drug and alcohol treatment program. Successfully completing the program (which takes about 9-10 months) rewards you with a year off your sentence, so it is seemingly well worth the ",https://bitcoinmagazine.com/culture/samourai-letter-7-notes-from-the-inside,BitcoinMagazine,84406.453125,82997.3828125,-0.016693869489021962,HOLD
